{"cameraMode":{"drawMode":0,"name":"Shaded","section":"Shading Mode"},"sceneLighting":false,"audioPlay":false,"sceneViewState":{"m_AlwaysRefresh":false,"showFog":true,"showSkybox":false,"showFlares":true,"showImageEffects":true,"showParticleSystems":true,"showVisualEffectGraphs":true,"m_FxEnabled":true},"in2DMode":false,"pivot":{"x":-0.39809852838516238,"y":1.1622729301452637,"z":-0.6521866321563721},"rotation":{"x":-0.013899792917072773,"y":0.9678950309753418,"z":-0.24488696455955506,"w":-0.054937638342380527},"size":3.279487371444702,"orthographic":false}